,approach_approaches_approached_,break_broke_breaks_,clean_cleaned_cleans_,drive_drove_drives_,eat_ate_eats_,enter_entered_enters_,fear_fears_feared_,fill_filled_fills_,hear_hears_heard_,lift_lifted_lifts_,listen_listens_listened_,manipulate_manipulates_manipulated_,move_moved_moves_,neared_nears_near_,open_opens_opened_,push_pushed_pushes_,ride_rides_rode_,rub_rubbed_rubs_,run_ran_runs_,say_said_says_,see_sees_,smell_smells_smelled_,taste_tasted_tastes_,touch_touched_touches_,wear_wore_wears_
airplane,0.048,0.028,0.019,0.023,0.024,0.056,0.019,0.032,0.066,0.072,0.015,0,0.052,0.166,0.114,0.024,0.918,0,0.052,0.201,0.221,0.005,0,0.048,0.001
ant,0.023,0.017,0.132,0.01,0.062,0.016,0.005,0.005,0.016,0.016,0.004,0.003,0.074,0.017,0.13,0,0.015,0.006,0.944,0.156,0.198,0,0.006,0.005,0.003
apartment,0.009,0.064,0.238,0.07,0.012,0.21,0.002,0.08,0.021,0.024,0.004,0,0.654,0.619,0.122,0.002,0.007,0,0.075,0.093,0.2,0.036,0,0.002,0
arch,0.06,0.047,0.185,0.075,0.035,0.032,0.024,0.054,0.012,0.053,0.009,0,0.268,0.614,0.422,0.004,0.018,0.007,0.129,0.244,0.474,0,0,0.127,0.015
arm,0.019,0.432,0.021,0.071,0.008,0.024,0.005,0.026,0.007,0.548,0.006,0.003,0.441,0.079,0.147,0.084,0.01,0.03,0.103,0.45,0.132,0.001,0.002,0.206,0.048
barn,0.009,0.008,0.054,0.037,0.006,0.099,0.002,0.094,0.021,0.025,0.003,0,0.055,0.436,0.485,0,0.041,0.001,0.092,0.71,0.148,0.025,0,0.004,0.104
bear,0.041,0.069,0.024,0.085,0.158,0.054,0.013,0.031,0.143,0.018,0.041,0,0.054,0.167,0.19,0.011,0.079,0.018,0.181,0.52,0.52,0.018,0.486,0.07,0.214
bed,0.038,0.086,0.192,0.074,0.107,0.045,0.02,0.081,0.073,0.114,0.039,0.011,0.207,0.59,0.489,0.062,0.021,0.019,0.212,0.322,0.34,0.013,0.007,0.048,0.085
bee,0.175,0.302,0.04,0.022,0.092,0.046,0.02,0.014,0.053,0.018,0.08,0.008,0.099,0.054,0.099,0.015,0.067,0.002,0.148,0.596,0.671,0.027,0.004,0.013,0.021
beetle,0,0.014,0.063,0.702,0.487,0.025,0,0.011,0.014,0.016,0,0,0.064,0.013,0.203,0.011,0.063,0,0.06,0.379,0.256,0,0,0,0.045
bell,0.011,0.03,0.011,0.086,0.023,0.036,0.004,0.006,0.217,0.011,0.419,0,0.044,0.056,0.182,0.231,0.048,0.001,0.146,0.779,0.209,0,0.002,0.026,0.027
bicycle,0.003,0.004,0.001,0.032,0.001,0.004,0.002,0.002,0.003,0.011,0.001,0,0.009,0.017,0.032,0.006,0.996,0,0.023,0.027,0.03,0,0,0.001,0.056
bottle,0.003,0.154,0.113,0.077,0.012,0.016,0.005,0.477,0.019,0.033,0.003,0,0.015,0.026,0.821,0.054,0.006,0.033,0.031,0.166,0.127,0.01,0.033,0.062,0.016
butterfly,0.004,0.146,0.013,0.06,0.064,0.009,0.039,0.057,0.037,0.01,0.081,0,0.044,0.087,0.751,0.093,0.05,0.018,0.14,0.252,0.51,0.003,0.004,0.103,0.141
car,0.026,0.093,0.083,0.778,0.012,0.038,0.003,0.046,0.032,0.057,0.016,0,0.088,0.289,0.195,0.034,0.201,0.001,0.19,0.121,0.384,0.019,0,0.027,0.016
carrot,0.883,0.007,0,0.056,0.368,0,0,0.03,0,0,0,0,0.008,0.012,0.015,0.003,0.005,0,0.004,0.242,0.13,0.02,0.063,0,0
cat,0.028,0.033,0.146,0.053,0.435,0.068,0.041,0.031,0.208,0.041,0.075,0.002,0.088,0.069,0.175,0.031,0.052,0.022,0.303,0.592,0.449,0.163,0.027,0.075,0.048
celery,0,0,0.115,0,0.837,0,0,0.315,0,0,0,0,0,0,0.06,0,0,0,0,0.016,0.243,0.059,0.346,0.029,0
chair,0.008,0.026,0.014,0.01,0.007,0.004,0.003,0.029,0.022,0.92,0.01,0,0.137,0.06,0.141,0.102,0.031,0.003,0.026,0.285,0.117,0.001,0,0.041,0.002
chimney,0.003,0.015,0.893,0.07,0.002,0.074,0,0.126,0.003,0.006,0.002,0,0.027,0.276,0.1,0.037,0,0,0.205,0.119,0.175,0.008,0,0.03,0.033
chisel,0,0.104,0.034,0.096,0,0,0,0.012,0,0.737,0,0.015,0.02,0,0.14,0.011,0,0.012,0.022,0.035,0.028,0,0,0.642,0.024
church,0.033,0.042,0.018,0.099,0.005,0.153,0.025,0.071,0.101,0.004,0.025,0,0.112,0.325,0.265,0.005,0.019,0,0.143,0.762,0.395,0.001,0.001,0.01,0.022
closet,0.013,0.008,0.515,0.013,0.013,0.143,0.017,0.121,0.009,0.009,0.002,0,0.059,0.057,0.768,0.01,0,0.002,0.094,0.161,0.258,0.007,0,0.001,0.031
coat,0.007,0.009,0.136,0.194,0.003,0.011,0.001,0.054,0.004,0.012,0.002,0,0.04,0.016,0.58,0.019,0.105,0.018,0.045,0.127,0.161,0.009,0.003,0.028,0.739
corn,0.003,0.014,0.054,0.011,0.785,0.316,0,0.19,0.068,0.003,0.005,0.005,0.027,0.112,0.161,0.013,0.035,0.009,0.057,0.365,0.224,0.04,0.108,0.005,0.004
cow,0.014,0.027,0.039,0.042,0.421,0.043,0.367,0.048,0.061,0.013,0.023,0,0.045,0.115,0.056,0.009,0.067,0.04,0.261,0,0.205,0.073,0.027,0.08,0.025
cup,0.006,0.044,0.044,0.05,0.025,0.055,0.036,0.291,0.002,0.122,0.005,0,0.053,0.014,0.885,0.027,0.037,0.014,0.19,0.18,0.133,0,0.097,0.056,0.034
desk,0.054,0.014,0.187,0.022,0.038,0.015,0.001,0.029,0.012,0.078,0.014,0,0.115,0.193,0.862,0.024,0.033,0.002,0.106,0.273,0.267,0.001,0,0.022,0.002
dog,0.031,0.06,0.072,0.042,0.742,0.078,0.015,0.02,0.075,0.014,0.022,0,0.079,0.097,0.105,0.011,0.054,0.004,0.301,0.294,0.46,0.062,0.018,0.023,0.049
door,0.008,0.012,0.003,0.015,0.001,0.036,0.001,0.002,0.027,0.008,0.003,0,0.017,0.031,0.996,0.024,0.001,0,0.027,0.037,0.029,0,0,0.003,0.001
dress,0.003,0.002,0.043,0.101,0.034,0.006,0.001,0.006,0.003,0.037,0.003,0,0.017,0.014,0.474,0.016,0.016,0.001,0.027,0.092,0.198,0.001,0.023,0.014,0.843
dresser,0.011,0,0.108,0.022,0,0,0,0.057,0,0,0,0,0.192,0.164,0.812,0.026,0,0.043,0.027,0.444,0.247,0,0,0.019,0.008
eye,0.009,0.027,0.095,0.007,0.011,0.034,0.022,0.042,0.011,0.105,0.004,0.001,0.042,0.059,0.328,0.008,0.325,0.011,0.025,0.187,0.794,0.003,0.006,0.029,0.3
fly,0.023,0.037,0.01,0.929,0.023,0.009,0.027,0.006,0.043,0.019,0.005,0.002,0.026,0.048,0.196,0.005,0.045,0,0.118,0.145,0.23,0.001,0.001,0.017,0.027
foot,0.054,0.481,0.032,0.097,0.016,0.038,0.034,0.039,0.036,0.229,0.001,0,0.282,0.212,0.388,0.092,0.051,0.105,0.131,0.243,0.265,0.009,0.007,0.153,0.478
glass,0.01,0.52,0.203,0.014,0.025,0.02,0.006,0.663,0.033,0.083,0.004,0.003,0.027,0.048,0.279,0.022,0.025,0.014,0.035,0.137,0.356,0.005,0.011,0.103,0.021
hammer,0.023,0.129,0.009,0.143,0.01,0.007,0.014,0.011,0.016,0.051,0.005,0,0.027,0.014,0.12,0.019,0.006,0.001,0.022,0.215,0.117,0.003,0.001,0.937,0.061
hand,0.031,0.068,0.069,0.262,0.028,0.061,0.029,0.077,0.082,0.153,0.008,0.01,0.319,0.173,0.309,0.11,0.016,0.166,0.205,0.508,0.47,0.006,0.009,0.299,0.031
horse,0.012,0.039,0.01,0.05,0.082,0.034,0.023,0.017,0.03,0.009,0.003,0,0.054,0.053,0.092,0.012,0.961,0.002,0.128,0.119,0.123,0.017,0.005,0.013,0.052
house,0.016,0.108,0.166,0.058,0.018,0.114,0.011,0.044,0.035,0.007,0.013,0.001,0.224,0.21,0.837,0.009,0.013,0,0.223,0.27,0.148,0.012,0.002,0.005,0.011
igloo,0,0,0,0,0.564,0.181,0,0.067,0,0,0,0,0,0.067,0.649,0,0,0,0,0.204,0.42,0,0,0,0
key,0.122,0.058,0.014,0.168,0.011,0.818,0.028,0.045,0.028,0.006,0.013,0.003,0.166,0.055,0.213,0.038,0.005,0.001,0.072,0.276,0.336,0,0.003,0.092,0.012
knife,0.03,0.049,0.157,0.128,0.106,0.042,0.073,0.013,0.006,0.039,0.005,0,0.047,0.115,0.802,0.069,0.002,0.006,0.32,0.204,0.257,0,0.002,0.244,0.053
leg,0.008,0.821,0.018,0.047,0.011,0.013,0.001,0.01,0.003,0.427,0,0,0.125,0.031,0.279,0.038,0.011,0.034,0.111,0.129,0.07,0.003,0.001,0.046,0.091
lettuce,0.006,0.026,0.082,0.005,0.979,0,0,0.108,0,0,0,0,0,0.031,0.015,0,0,0,0.004,0.116,0.065,0,0.056,0.021,0
pants,0.007,0.066,0.027,0.004,0.007,0.005,0.01,0.012,0.006,0.004,0.003,0,0.013,0.004,0.616,0.015,0.047,0.012,0.017,0.063,0.102,0.005,0.001,0.013,0.773
pliers,0,0.11,0,0.084,0,0,0,0,0,0.015,0,0,0.04,0.013,0.977,0.12,0,0,0,0.013,0.066,0,0,0.075,0
refrigerator,0,0.027,0.362,0.017,0.099,0.039,0,0.157,0.011,0.006,0,0,0.057,0.05,0.894,0.01,0,0.001,0.087,0.08,0.102,0.01,0.01,0.04,0
saw,0.019,0.023,0.005,0.032,0.008,0.031,0.019,0.009,0.219,0.018,0.003,0,0.052,0.028,0.131,0.004,0.014,0,0.064,0.934,0.226,0.004,0.002,0.011,0.006
screwdriver,0,0.057,0.028,0.341,0,0,0,0.019,0.006,0.081,0,0,0.078,0.019,0.838,0.386,0,0,0.011,0.036,0.112,0,0,0.033,0
shirt,0.002,0.045,0.095,0.011,0.036,0.017,0.015,0.008,0.002,0.075,0.004,0,0.011,0.005,0.554,0.022,0.034,0.006,0.058,0.302,0.177,0.006,0.003,0.036,0.739
skirt,0,0.734,0.016,0.001,0.001,0,0,0.002,0,0.311,0,0,0.013,0.005,0.288,0.025,0.028,0.009,0.02,0.045,0.083,0,0,0.016,0.52
spoon,0.01,0.085,0.139,0.037,0.741,0.004,0,0.103,0.006,0.093,0.011,0,0.042,0.017,0.523,0.049,0.002,0.019,0.299,0.142,0.103,0,0.074,0.006,0
table,0.015,0.012,0.011,0.009,0.017,0.02,0.001,0.033,0.003,0.025,0.002,0.001,0.044,0.032,0.087,0.008,0.002,0.001,0.022,0.046,0.992,0,0.002,0.01,0.004
telephone,0.008,0.029,0.006,0.03,0,0.358,0.007,0.01,0.034,0.016,0.029,0,0.017,0.042,0.154,0.011,0.001,0,0.033,0.468,0.775,0,0,0.143,0.005
tomato,0,0.01,0.009,0.011,0.26,0.014,0.005,0.082,0.002,0,0,0,0,0.039,0.056,0,0.007,0.022,0.017,0.919,0.123,0.02,0.173,0.173,0.006
train,0.039,0.039,0.004,0.489,0.016,0.031,0.008,0.02,0.06,0.009,0.009,0,0.061,0.246,0.059,0.011,0.791,0,0.205,0.085,0.095,0.001,0,0.005,0.005
truck,0.015,0.029,0.037,0.521,0.003,0.022,0.005,0.054,0.018,0.75,0.002,0,0.173,0.182,0.149,0.023,0.089,0,0.165,0.109,0.163,0.004,0,0.021,0.004
watch,0.003,0.013,0.013,0.098,0.049,0.008,0.006,0.007,0.021,0.003,0.782,0,0.027,0.006,0.562,0.003,0.016,0.001,0.04,0.156,0.179,0.001,0.001,0.015,0.026
window,0.002,0.008,0.003,0.007,0.001,0.014,0,0.004,0.002,0.002,0.001,0,0.012,0.009,0.998,0.001,0.001,0,0.01,0.008,0.05,0,0,0.002,0.002
